City_ID,City,Cloudiness,Country,Date,Humidity,Lat,Lng,Max Temp,Wind Speed
0,bredasdorp,0,ZA,1531688400,81,-34.53,20.04,51.8,8.05
1,tongren,0,CN,1531692693,94,27.72,109.18,72.39,2.26
2,mettur,88,IN,1531692693,70,11.8,77.8,76.62,14.45
3,albany,40,US,1531691640,38,42.65,-73.75,93.2,3.36
4,vaini,92,IN,1531692694,97,15.34,74.49,70.41,10.76
5,mar del plata,0,AR,1531692612,99,-46.43,-67.52,31.71,2.82
6,sobolevo,76,RU,1531692694,92,54.43,31.9,64.92,5.73
7,arraial do cabo,0,BR,1531688400,61,-22.97,-42.02,80.6,5.82
8,yellowknife,40,CA,1531688400,67,62.45,-114.38,57.2,10.29
9,dunedin,80,NZ,1531692554,93,-45.87,170.5,45.93,13.67
10,ushuaia,20,AR,1531688400,69,-54.81,-68.31,35.6,14.99
11,dikson,0,RU,1531692695,100,73.51,80.55,40.26,10.54
12,punta arenas,0,CL,1531688400,100,-53.16,-70.91,32.0,8.05
13,rikitea,100,PF,1531692696,100,-23.12,-134.97,66.54,6.4
14,novyy urengoy,36,RU,1531692696,70,66.08,76.63,61.68,4.72
15,ribeira grande,20,PT,1531692000,72,38.52,-28.7,68.0,6.93
16,puerto ayora,75,EC,1531688400,61,-0.74,-90.35,78.8,18.34
17,acapulco,5,MX,1531687320,62,16.86,-99.88,89.6,9.17
18,kapaa,90,US,1531688160,78,22.08,-159.32,84.2,13.87
19,mataura,56,NZ,1531692698,98,-46.19,168.86,35.94,3.6
20,barrow,68,AR,1531692698,61,-38.31,-60.23,49.35,7.4
21,liverpool,0,GB,1531691400,77,53.41,-2.98,68.0,5.82
22,ilebo,0,CD,1531692699,58,-4.33,20.59,77.97,2.59
23,mount gambier,92,AU,1531692699,93,-37.83,140.78,49.44,7.96
24,nhulunbuy,48,AU,1531692000,88,-12.18,136.78,71.6,3.36
25,hobart,75,AU,1531692000,80,-42.88,147.33,41.0,9.17
26,cape town,0,ZA,1531688400,71,-33.93,18.42,51.8,5.82
27,zhangye,0,CN,1531692700,61,38.94,100.46,60.33,4.72
28,tayzhina,56,RU,1531692700,75,53.67,87.44,64.74,4.61
29,esperance,20,TT,1531688400,74,10.24,-61.45,86.0,13.87
30,qaanaaq,92,GL,1531692701,98,77.48,-69.36,34.41,4.72
31,avarua,88,CK,1531692702,100,-21.21,-159.78,73.83,21.05
32,tilichiki,68,RU,1531692702,89,60.47,166.1,57.63,2.26
33,upernavik,80,GL,1531692702,98,72.79,-56.15,37.47,11.99
34,iqaluit,90,CA,1531688940,93,63.75,-68.52,41.0,17.22
35,south river,90,CA,1531690800,94,47.54,-53.27,68.0,18.34
36,amarpur,92,IN,1531692703,98,23.52,91.65,76.08,5.28
37,xiaoshi,0,CN,1531692704,87,30.59,116.63,71.67,2.04
38,praia da vitoria,20,PT,1531692000,72,38.73,-27.07,68.0,11.32
39,chuy,92,UY,1531692704,82,-33.69,-53.46,53.85,14.34
40,kupino,24,RU,1531692705,74,54.36,77.31,68.25,15.57
41,pascagoula,40,US,1531690500,70,30.37,-88.56,89.6,5.82
42,mahebourg,20,MU,1531688400,88,-20.41,57.7,64.4,3.36
43,east london,24,ZA,1531692705,100,-33.02,27.91,59.07,6.85
44,storforshei,56,NO,1531692706,97,66.4,14.52,49.8,2.04
45,funtua,64,NG,1531692706,86,11.52,7.31,74.37,6.17
46,gambela,64,ET,1531692706,86,8.25,34.59,61.95,2.37
47,verkh-chebula,0,RU,1531692707,61,56.03,87.61,61.41,8.41
48,makat,24,KZ,1531692707,30,47.65,53.35,84.81,8.41
49,mount isa,0,AU,1531692000,42,-20.73,139.49,44.6,3.36
50,yar-sale,8,RU,1531692708,78,66.83,70.83,55.47,2.59
51,taksimo,8,RU,1531692708,89,56.36,114.84,50.43,1.92
52,airai,32,TL,1531692708,86,-8.93,125.41,60.42,1.7
53,cabo san lucas,40,MX,1531687440,49,22.89,-109.91,89.6,11.41
54,gasa,100,BT,1531692709,94,27.91,89.73,36.03,1.36
55,oranjemund,76,ZA,1531692504,77,-28.55,16.43,65.1,17.13
56,ilulissat,75,GL,1531691400,81,69.22,-51.1,42.8,9.17
57,norman wells,75,CA,1531688400,67,65.28,-126.83,62.6,8.05
58,saint-augustin,0,FR,1531692000,78,44.83,-0.61,73.4,10.29
59,tasiilaq,12,GL,1531691400,40,65.61,-37.64,51.8,13.87
60,pratapgarh,0,IN,1531692711,81,25.92,82.0,82.65,9.42
61,longyearbyen,75,NO,1531691400,87,78.22,15.63,44.6,3.36
62,monte siao,0,BR,1531692482,67,-22.43,-46.57,67.44,1.14
63,lavrentiya,92,RU,1531692712,97,65.58,-170.99,42.33,0.13
64,severo-kurilsk,80,RU,1531692712,92,50.68,156.12,50.88,6.29
65,khatanga,12,RU,1531692712,65,71.98,102.47,50.16,13.0
66,honningsvag,40,NO,1531691400,81,70.98,25.97,53.6,2.24
67,araouane,80,ML,1531692713,19,18.9,-3.53,100.2,8.08
68,hithadhoo,92,MV,1531692713,100,-0.6,73.08,76.44,5.73
69,emerald,0,AU,1531692713,75,-23.53,148.16,36.57,2.93
70,usinsk,56,RU,1531692714,50,66.0,57.56,67.71,7.63
71,havre,1,US,1531691580,25,48.55,-109.68,84.2,5.73
72,vao,0,EE,1531692714,89,59.1,26.19,63.93,2.59
73,malinyi,76,TZ,1531692714,53,-8.94,36.14,73.56,4.61
74,beringovskiy,0,RU,1531692715,85,63.05,179.32,56.64,14.0
75,nuuk,75,GL,1531691400,62,64.17,-51.74,55.4,10.29
76,aksarka,0,RU,1531692715,69,66.56,67.8,61.68,8.19
77,saulkrasti,0,LV,1531691400,88,57.26,24.42,66.2,4.7
78,constitucion,75,MX,1531687620,26,23.99,-104.67,80.6,3.36
79,georgetown,20,GY,1531688400,74,6.8,-58.16,84.2,13.87
80,sekoma,76,BW,1531692717,76,-24.51,23.93,55.56,13.78
81,nikolskoye,0,RU,1531690200,72,59.7,30.79,64.4,2.59
82,colac,68,AU,1531692718,75,-38.34,143.59,48.18,9.31
83,amapa,75,HN,1531692000,100,15.09,-87.97,77.0,5.82
84,provideniya,90,RU,1531688400,100,64.42,-173.23,44.6,6.71
85,jiuquan,0,CN,1531692718,65,39.73,98.49,53.67,2.93
86,maragogi,8,BR,1531692719,83,-9.01,-35.22,73.83,7.96
87,bluff,0,AU,1531692719,74,-23.58,149.07,36.21,2.71
88,dudinka,12,RU,1531692719,48,69.41,86.18,60.24,5.61
89,presidencia roque saenz pena,88,AR,1531692720,52,-26.79,-60.44,83.19,5.17
90,jagdalpur,92,IN,1531692720,97,19.09,82.02,70.77,13.0
91,margate,75,AU,1531692000,80,-43.03,147.26,41.0,9.17
92,beroroha,0,MG,1531692720,60,-21.68,45.17,63.66,7.63
93,saldanha,68,PT,1531692721,63,41.42,-6.55,66.9,9.98
94,moose jaw,20,CA,1531688400,29,50.4,-105.54,78.8,20.8
95,carnarvon,0,ZA,1531692721,64,-30.97,22.13,30.81,8.41
96,ejura,24,GH,1531692721,72,7.38,-1.37,79.23,12.66
97,krasnoborsk,44,RU,1531692722,98,61.56,45.93,64.2,2.71
98,busselton,80,AU,1531692722,100,-33.64,115.35,62.4,28.99
99,itaquyry,0,PY,1531688400,51,-24.93,-55.22,84.2,6.93
100,quzhou,32,CN,1531692723,88,28.97,118.86,70.86,2.15
101,port alfred,12,ZA,1531692723,100,-33.59,26.89,55.2,8.41
102,hambantota,20,LK,1531692723,100,6.12,81.12,78.69,16.02
103,cayenne,0,GF,1531690200,74,4.94,-52.33,82.4,8.05
104,gorele,40,TR,1531691400,73,41.03,39.0,71.6,3.36
105,faanui,92,PF,1531692724,100,-16.48,-151.75,77.7,13.89
106,athmallik,92,IN,1531692725,98,20.72,84.53,75.18,9.19
107,cabinda,0,AO,1531692725,99,-5.56,12.19,73.11,11.65
108,santiago del estero,0,AR,1531692725,46,-27.8,-64.26,73.83,11.21
109,new norfolk,75,AU,1531692000,80,-42.78,147.06,41.0,9.17
110,renala khurd,32,PK,1531692726,77,30.88,73.6,85.17,8.97
111,impfondo,92,CD,1531692726,98,1.62,18.06,72.75,2.26
112,namibe,0,AO,1531692726,100,-15.19,12.15,66.9,9.98
113,shingu,0,JP,1531692727,96,33.72,135.99,79.05,6.4
114,grand gaube,20,MU,1531688400,88,-20.01,57.66,64.4,3.36
115,kiunga,92,PG,1531692727,99,-6.12,141.3,71.4,1.92
116,romilly-sur-seine,0,FR,1531692000,63,48.52,3.72,66.2,4.7
117,svetlaya,68,RU,1531692728,90,46.54,138.33,58.98,4.38
118,kaitangata,76,NZ,1531692728,83,-46.28,169.85,48.0,14.45
119,great falls,1,US,1531691580,28,47.5,-111.29,84.2,4.61
120,kuznetsk,44,RU,1531692729,61,53.11,46.6,70.77,4.61
121,touros,20,BR,1531692586,78,-5.2,-35.46,78.96,17.25
122,yenangyaung,92,MM,1531692730,100,20.46,94.87,74.73,10.2
123,paez,75,CO,1531688400,51,2.93,-76.46,86.0,8.05
124,saint george,20,GR,1531691400,73,39.45,22.34,69.8,1.25
125,noumea,75,NC,1531692000,88,-22.28,166.46,66.2,2.24
126,chiang rai,80,TH,1531692731,96,19.9,99.84,70.77,2.59
127,benguela,0,AO,1531692731,100,-12.58,13.4,69.15,7.07
128,saskylakh,32,RU,1531692732,63,71.97,114.09,45.48,9.98
129,jitauna,44,BR,1531692732,80,-14.02,-39.89,69.6,6.62
130,tuktoyaktuk,75,CA,1531688400,52,69.44,-133.03,68.0,11.41
131,ciudad bolivar,8,VE,1531692732,92,8.12,-63.55,82.11,5.61
132,vestmanna,40,FO,1531691400,93,62.16,-7.17,51.8,11.41
133,cairns,20,AU,1531692000,77,-16.92,145.77,68.0,1.12
134,castro,64,CL,1531692687,81,-42.48,-73.76,47.1,3.15
135,qarchi gak,0,AF,1531690200,32,37.04,66.79,95.0,6.93
136,umm kaddadah,8,SD,1531692734,45,13.6,26.69,85.35,11.88
137,atuona,0,PF,1531692734,100,-9.8,-139.03,79.23,19.04
138,general roca,0,AR,1531688400,43,-39.03,-67.58,55.4,4.7
139,naron,75,ES,1531692000,93,43.52,-8.15,64.4,3.36
140,kanigiri,88,IN,1531692735,63,15.41,79.51,83.01,16.58
141,minab,8,IR,1531690200,79,27.15,57.07,89.6,4.7
142,lompoc,1,US,1531690500,42,34.64,-120.46,80.6,11.41
143,san cristobal,75,EC,1531688400,44,-0.39,-78.55,60.8,19.46
144,alyangula,8,AU,1531692639,100,-13.85,136.42,71.85,9.53
145,dusnok,20,HU,1531692737,61,46.39,18.96,69.33,4.94
146,victoria,90,BN,1531692000,94,5.28,115.24,78.8,1.12
147,leshukonskoye,92,RU,1531692738,99,64.9,45.76,65.28,1.59
148,port hedland,0,AU,1531692000,62,-20.31,118.58,53.6,6.93
149,chapais,75,CA,1531688400,39,49.78,-74.86,82.4,12.75
150,isangel,32,VU,1531692739,100,-19.55,169.27,73.2,17.02
151,vieste,12,IT,1531692739,100,41.88,16.18,75.0,5.61
152,pemberton,92,AU,1531692739,87,-34.44,116.03,57.36,20.38
153,karasburg,80,NA,1531692740,25,-28.01,18.75,51.06,9.42
154,tuatapere,56,NZ,1531692740,100,-46.13,167.69,48.0,10.87
155,san francisco,90,US,1531690800,77,37.78,-122.42,84.2,9.17
156,henties bay,56,NA,1531692742,100,-22.12,14.28,56.91,2.93
157,lafayette,40,US,1531690440,70,30.22,-92.02,91.4,4.7
158,jamestown,68,AU,1531692743,94,-33.21,138.6,44.76,13.56
159,torbay,90,CA,1531690800,94,47.66,-52.73,68.0,18.34
160,fairbanks,90,US,1531690440,55,64.84,-147.72,64.4,13.87
161,astoria,1,US,1531691700,47,46.19,-123.83,78.8,13.87
162,pevek,88,RU,1531692744,100,69.7,170.27,35.31,8.41
163,vondrozo,0,MG,1531692744,92,-22.82,47.32,54.48,2.71
164,hualmay,0,PE,1531692745,68,-11.1,-77.61,68.43,5.61
165,pimentel,80,BR,1531692745,63,-3.7,-45.5,83.73,4.16
166,thompson,90,CA,1531692000,93,55.74,-97.86,55.4,2.24
167,yushu,32,CN,1531692745,95,44.84,126.53,73.38,6.4
168,kirakira,0,SB,1531692746,100,-10.46,161.92,81.48,17.25
169,opuwo,0,NA,1531692746,63,-18.06,13.84,51.24,1.7
170,mackay,75,CA,1531692000,33,53.65,-115.58,77.0,9.17
171,tiksi,8,RU,1531692747,75,71.64,128.87,41.79,2.15
172,comodoro rivadavia,20,AR,1531688400,74,-45.87,-67.48,35.6,8.05
173,broome,20,GB,1531691760,68,52.47,1.45,73.4,3.36
174,grants,1,US,1531691700,27,35.15,-107.85,86.0,8.05
175,uaua,0,BR,1531692748,37,-9.84,-39.48,80.13,9.42
176,dwarka,75,IN,1531690200,84,28.58,77.04,86.0,6.93
177,sao filipe,8,CV,1531692749,92,14.9,-24.5,78.51,6.62
178,tecoanapa,5,MX,1531687320,62,16.99,-99.26,89.6,9.17
179,purwakarta,20,ID,1531692749,95,-6.56,107.44,69.33,4.16
180,bambous virieux,20,MU,1531688400,88,-20.34,57.76,64.4,3.36
181,cukai,32,MY,1531688400,83,4.25,103.42,78.8,3.36
182,kodiak,1,US,1531687980,46,39.95,-94.76,91.4,5.39
183,ponta do sol,0,BR,1531692751,57,-20.63,-46.0,69.78,2.71
184,bunia,12,CD,1531692751,89,1.56,30.25,61.68,2.71
185,tabou,92,CI,1531692751,100,4.42,-7.36,75.81,14.0
186,caravelas,80,BR,1531692752,100,-17.73,-39.27,74.73,11.77
187,labe,36,NG,1531692752,100,7.7,8.47,73.2,6.96
188,candido mendes,8,BR,1531692752,97,-1.45,-45.72,81.21,11.88
189,vila franca do campo,20,PT,1531692000,88,37.72,-25.43,68.0,12.75
190,hilo,75,US,1531690800,74,19.71,-155.08,80.6,6.93
191,lagoa,0,PT,1531692000,88,37.14,-8.45,66.2,10.29
192,lodja,0,CD,1531692753,55,-3.52,23.6,74.91,2.59
193,mogadishu,80,SO,1531692634,98,2.04,45.34,77.79,21.72
194,ishigaki,75,JP,1531688400,100,24.34,124.16,80.6,11.41
195,chokurdakh,44,RU,1531692754,87,70.62,147.9,51.51,8.63
196,neuquen,0,AR,1531688400,43,-38.95,-68.06,55.4,4.7
197,auki,56,NG,1531692755,90,12.18,6.51,74.01,4.94
198,vidim,0,CZ,1531692000,56,50.47,14.53,69.8,4.7
199,lumphat,92,KH,1531692755,98,13.5,106.97,72.66,4.05
200,eyl,24,SO,1531692756,68,7.98,49.82,82.29,23.85
201,kamenka,24,RU,1531692756,47,53.19,44.05,77.07,8.3
202,petrovskaya,0,RU,1531690200,69,45.43,37.96,75.2,11.18
203,kipini,92,KE,1531692757,81,-2.53,40.53,78.15,18.7
204,liwale,0,TZ,1531692757,63,-9.8,37.92,69.24,5.39
205,hofn,92,IS,1531692758,97,64.25,-15.21,49.71,5.73
206,coquimbo,0,CL,1531688400,82,-29.95,-71.34,57.2,10.29
207,golden,20,CA,1531688400,21,51.3,-116.96,80.6,9.17
208,dingle,92,PH,1531692758,96,11.0,122.67,75.63,8.97
209,vrangel,44,RU,1531692759,84,42.73,133.08,62.4,4.38
210,arcata,1,US,1531690500,68,40.87,-124.08,66.2,12.75
211,lorengau,88,PG,1531692760,100,-2.02,147.27,80.76,6.4
212,poya,12,NC,1531692760,100,-21.35,165.16,69.78,8.75
213,kieta,92,PG,1531692760,100,-6.22,155.63,74.82,5.84
214,olga,1,US,1531688340,38,34.11,-118.17,100.4,11.41
215,lebu,68,ET,1531692761,98,8.96,38.73,51.78,2.71
216,butaritari,80,KI,1531692761,100,3.07,172.79,79.14,5.28
217,tessalit,80,ML,1531692761,14,20.2,1.01,90.66,7.63
218,vostok,92,RU,1531692762,100,46.45,135.83,63.75,1.7
219,badin,40,US,1531691100,46,35.41,-80.12,93.2,4.7
220,egvekinot,44,RU,1531692763,83,66.32,-179.17,52.05,2.82
221,nalut,0,LY,1531692763,24,31.86,10.98,87.42,9.42
222,kaniama,0,CD,1531692763,33,-7.57,24.18,69.78,5.95
223,sioux lookout,20,CA,1531688400,41,50.1,-91.92,78.8,11.41
224,burnie,88,AU,1531692764,100,-41.05,145.91,53.49,21.05
225,yerbogachen,24,RU,1531692764,92,61.28,108.01,52.23,2.71
226,zinder,20,NE,1531692765,79,13.81,8.99,77.07,4.94
227,staraya russa,8,RU,1531692765,82,57.99,31.36,69.78,5.28
228,yatou,75,CM,1531688400,100,3.63,9.81,77.0,1.12
229,zyryanka,64,RU,1531692766,86,65.73,150.89,53.94,2.59
230,borogontsy,68,RU,1531692766,94,62.67,131.17,63.75,5.28
231,coihaique,75,CL,1531688400,84,-45.58,-72.07,37.4,4.7
232,matamoros,20,US,1531691580,56,25.87,-97.51,93.2,21.92
233,lucapa,0,AO,1531692767,69,-8.42,20.74,61.68,3.15
234,te anau,64,NZ,1531692767,84,-45.41,167.72,37.56,5.73
235,paris,0,FR,1531692000,49,48.86,2.35,75.2,4.7
236,hearst,12,CA,1531692768,48,49.69,-83.67,86.25,10.76
237,deputatskiy,88,RU,1531692768,72,69.3,139.9,49.53,3.94
238,harper,1,US,1531691700,32,30.3,-99.24,98.6,11.41
239,leh,20,IN,1531692769,87,34.16,77.58,29.91,1.48
240,ayan,8,TR,1531692769,89,40.67,33.6,50.88,2.26
241,williams lake,20,CA,1531692000,14,52.13,-122.14,80.6,6.93
242,bethel,90,US,1531692360,66,60.79,-161.76,55.4,13.87
243,monrovia,75,LR,1531692000,94,6.33,-10.8,75.2,7.74
244,peterhead,20,AU,1531690200,93,-34.83,138.5,53.6,14.99
245,gillette,40,US,1531691580,42,44.29,-105.5,82.4,12.75
246,izhma,64,RU,1531692772,77,65.01,53.91,69.51,3.38
247,atar,0,MR,1531692483,12,20.52,-13.05,101.46,12.33
248,qaqortoq,48,GL,1531691400,44,60.72,-46.03,59.0,6.93
249,mayo,75,CA,1531688400,62,63.59,-135.9,59.0,4.7
250,buchanan,75,LR,1531692000,94,5.88,-10.05,75.2,11.21
251,peleduy,68,RU,1531692773,96,59.63,112.75,58.44,2.93
252,guerrero negro,12,MX,1531692773,47,27.97,-114.04,84.09,11.43
253,veinticinco de mayo,8,AR,1531692774,51,-27.38,-54.75,78.15,5.95
254,yashkul,88,RU,1531692774,92,46.17,45.34,70.23,5.61
255,tautira,40,PF,1531692000,78,-17.73,-149.15,78.8,2.24
256,mawlaik,92,MM,1531692774,99,23.63,94.42,73.56,1.59
257,giehun,92,SL,1531692775,97,8.17,-11.09,71.85,8.41
258,saint-philippe,1,CA,1531691700,40,45.36,-73.48,87.8,3.36
259,tianpeng,12,CN,1531692775,89,28.88,112.34,78.33,2.71
260,cidreira,36,BR,1531692776,89,-30.17,-50.22,64.83,5.17
261,grootfontein,8,NA,1531692776,38,-19.56,18.1,59.16,11.77
262,chernogorsk,0,RU,1531690200,77,53.83,91.31,64.4,8.95
263,port hardy,20,CA,1531692000,56,50.7,-127.42,68.0,18.34
264,hermanus,0,ZA,1531692777,69,-34.42,19.24,45.03,6.85
265,richards bay,48,ZA,1531692777,84,-28.77,32.06,57.0,10.09
266,boyolangu,8,ID,1531692777,89,-8.09,111.9,62.04,5.06
267,pio ix,36,BR,1531692778,33,-6.83,-40.61,82.65,5.73
268,ola,90,RU,1531690200,93,59.58,151.3,50.0,3.71
269,pisco,90,PE,1531688400,82,-13.71,-76.2,64.4,5.82
270,necochea,44,AR,1531692779,78,-38.55,-58.74,47.91,7.74
271,lincoln,1,US,1531691640,44,40.8,-96.67,93.2,6.93
272,ardu,0,EE,1531691400,82,59.1,25.35,64.4,2.59
273,bonthe,92,SL,1531692779,100,7.53,-12.5,74.55,4.94
274,port elizabeth,1,US,1531691700,65,39.31,-74.98,82.4,3.36
275,nanortalik,56,GL,1531692780,88,60.14,-45.24,41.79,4.16
276,kruisfontein,0,ZA,1531692781,100,-34.0,24.73,53.04,10.42
277,cariati,0,IT,1531692781,92,39.5,16.95,74.1,6.85
278,tolga,0,DZ,1531688400,22,34.73,5.38,98.6,3.36
279,north bend,1,US,1531691760,72,43.41,-124.22,66.2,16.11
280,dalbandin,0,PK,1531692782,19,28.9,64.41,75.81,3.38
281,geraldton,75,CA,1531690440,78,49.72,-86.95,73.4,8.05
282,charters towers,0,AU,1531692782,86,-20.07,146.27,47.73,2.15
283,salalah,90,OM,1531687800,88,17.01,54.1,78.8,9.17
284,puro,92,PH,1531692783,100,13.13,123.76,74.82,10.54
285,berlevag,40,NO,1531691400,81,70.86,29.09,53.6,2.24
286,plettenberg bay,0,ZA,1531692784,100,-34.05,23.37,57.45,16.46
287,nieves,20,MX,1531692784,33,24.0,-103.02,81.21,9.19
288,hami,100,CN,1531692784,42,42.84,93.51,77.07,2.15
289,hamilton,75,CA,1531688400,62,43.26,-79.87,86.0,6.93
290,katsuura,75,JP,1531690200,100,33.93,134.5,78.8,3.36
291,fortuna,20,ES,1531692000,83,38.18,-1.13,77.0,2.24
292,port-gentil,90,GA,1531688400,88,-0.72,8.78,75.2,11.41
293,lufilufi,75,WS,1531688400,74,-13.87,-171.6,82.4,8.05
294,avera,1,US,1531690500,62,33.19,-82.53,89.6,4.7
295,fort nelson,75,CA,1531692000,43,58.81,-122.69,69.8,5.82
296,adrar,0,DZ,1531688400,9,27.87,-0.29,98.6,13.87
297,pizarro,92,CO,1531692787,99,4.95,-77.37,79.5,5.95
298,alofi,92,NU,1531692000,83,-19.06,-169.92,78.8,12.75
299,yulara,0,AU,1531692000,55,-25.24,130.99,33.8,4.38
300,narsaq,24,GL,1531691400,44,60.91,-46.05,59.0,6.93
301,lucea,40,JM,1531688400,70,18.44,-78.17,87.8,21.92
302,chaman,0,AF,1531692789,25,30.92,66.46,64.38,2.37
303,gunjur,75,GM,1531692000,83,13.18,-16.76,82.4,5.82
304,smithers,75,CA,1531692000,40,54.78,-127.17,71.6,4.7
305,paamiut,36,GL,1531692790,80,61.99,-49.67,47.91,11.77
306,dakar,20,SN,1531688400,74,14.69,-17.45,82.4,13.87
307,saint-pierre,0,FR,1531692000,72,48.95,4.24,68.0,4.7
308,pauini,20,BR,1531692791,61,-7.71,-67.0,86.7,3.83
309,kemise,88,ET,1531692791,81,10.72,39.87,56.91,1.59
310,petropavlovsk-kamchatskiy,90,RU,1531690200,93,53.05,158.65,53.6,4.47
311,norwich,44,GB,1531691760,68,52.63,1.29,73.4,3.36
312,cuiluan,0,CN,1531692792,88,47.72,128.65,62.4,2.37
313,collie,88,AU,1531692793,91,-33.36,116.15,55.56,20.04
314,zlobin,0,HR,1531692000,64,45.29,14.65,73.4,2.24
315,kropotkin,68,RU,1531692793,67,45.43,40.58,71.85,6.85
316,makakilo city,75,US,1531688220,58,21.35,-158.09,87.8,8.05
317,kananga,0,CD,1531692794,72,-5.9,22.41,70.14,2.37
318,souillac,0,FR,1531692000,53,45.6,-0.6,77.0,3.36
319,uray,0,RU,1531692794,84,60.13,64.8,58.53,2.48
320,ahipara,80,NZ,1531692795,100,-35.17,173.16,55.74,13.22
321,loa janan,92,ID,1531692795,83,-0.58,117.09,77.79,3.15
322,san andres,100,PH,1531692795,100,13.32,122.68,78.96,15.68
323,palauig,92,PH,1531692796,100,15.44,119.9,73.29,3.27
324,nemuro,80,JP,1531692545,93,43.32,145.57,57.36,11.21
325,ancud,36,CL,1531692796,95,-41.87,-73.83,46.38,2.71
326,roald,0,NO,1531691400,100,62.58,6.12,64.4,4.7
327,likasi,0,CD,1531692797,60,-10.99,26.74,61.68,8.63
328,nouadhibou,0,MR,1531688400,77,20.93,-17.03,69.8,21.92
329,klaksvik,40,FO,1531691400,93,62.23,-6.59,51.8,11.41
330,chumikan,92,RU,1531692798,96,54.72,135.31,50.88,8.41
331,kortkeros,44,RU,1531690200,100,61.81,51.56,64.4,2.24
332,redmond,1,US,1531691880,25,47.67,-122.12,89.6,9.17
333,bafoulabe,8,ML,1531692798,72,13.81,-10.83,83.1,10.2
334,san joaquin,92,PH,1531692799,96,10.59,122.14,75.63,8.97
335,plouzane,0,FR,1531692000,82,48.38,-4.62,66.2,2.24
336,nome,40,US,1531691700,52,30.04,-94.42,95.0,8.05
337,mobaye,88,CF,1531692800,96,4.33,21.18,69.06,2.15
338,aklavik,40,CA,1531688400,43,68.22,-135.01,71.6,5.82
339,sudak,0,UA,1531692679,94,44.85,34.97,67.35,7.4
340,waitati,80,NZ,1531692801,93,-45.75,170.57,45.93,13.67
341,hay river,75,CA,1531692000,59,60.82,-115.79,64.4,8.05
342,moranbah,0,AU,1531692801,77,-22.0,148.04,39.54,2.82
343,togur,0,RU,1531692802,64,58.36,82.83,59.07,7.52
344,sikonge,0,TZ,1531692802,39,-5.63,32.75,64.65,9.86
345,homer,40,US,1531691580,93,59.64,-151.54,53.6,3.36
346,tigil,0,RU,1531692802,57,57.8,158.67,64.56,3.83
347,ustka,0,PL,1531692803,93,54.58,16.86,62.58,6.4
348,inongo,36,CD,1531692803,71,-1.93,18.29,77.61,2.37
349,luanda,0,AO,1531688400,83,-8.83,13.24,69.8,5.82
350,kysyl-syr,88,RU,1531692804,52,63.9,122.77,55.83,7.85
351,gat,92,SN,1531688400,66,14.69,-16.54,86.0,9.17
352,nizhniy tsasuchey,92,RU,1531692804,94,50.52,115.13,63.12,4.83
353,onega,0,RU,1531692804,79,63.91,38.09,61.05,2.59
354,sisimiut,36,GL,1531692805,67,66.94,-53.67,59.34,2.15
355,marawi,76,PH,1531692805,100,8.0,124.29,67.89,2.37
356,prince rupert,75,CA,1531692000,77,54.32,-130.32,60.8,10.29
357,shemonaikha,12,KZ,1531692806,82,50.63,81.92,64.56,0.58
358,tarso,75,CO,1531688400,37,5.86,-75.82,82.4,9.17
359,salekhard,0,RU,1531692806,76,66.54,66.62,59.79,5.61
360,najran,0,SA,1531688400,17,17.54,44.22,89.6,5.17
361,matadi,0,CD,1531692807,79,-5.83,13.46,72.12,7.52
362,talnakh,0,RU,1531692807,67,69.49,88.39,53.85,6.73
363,vilyuysk,76,RU,1531692807,57,63.75,121.63,57.09,5.61
364,lata,80,IN,1531692808,100,30.78,78.62,60.6,1.59
365,vadlapudi,80,IN,1531692808,63,14.32,79.8,83.1,16.35
366,shancheng,92,CN,1531692808,85,26.9,117.17,73.92,2.04
367,tallahassee,20,US,1531690500,88,30.44,-84.28,89.6,4.83
368,sao miguel do araguaia,0,BR,1531692809,75,-13.28,-50.16,78.78,4.05
369,rudsar,0,IR,1531688400,88,37.14,50.29,78.8,4.72
370,faya,40,SA,1531688400,36,18.39,42.45,77.0,2.93
371,kamaishi,76,JP,1531692810,85,39.28,141.86,74.1,3.6
372,haines junction,92,CA,1531692810,77,60.75,-137.51,45.48,2.82
373,zavyalovo,0,RU,1531690200,82,54.51,82.45,60.8,6.71
374,timiryazevskoye,0,RU,1531692811,52,56.49,84.88,62.85,7.29
375,khachrod,92,IN,1531692812,99,23.42,75.28,73.11,5.84
376,praya,75,ID,1531692000,94,-8.71,116.27,71.6,3.36
377,yeppoon,0,AU,1531692000,81,-23.13,150.74,51.8,2.24
378,rongcheng,0,CN,1531692812,90,37.16,122.42,74.55,12.66
379,loule,0,PT,1531692000,88,37.14,-8.02,66.2,10.29
380,zhigansk,0,RU,1531692813,55,66.77,123.37,54.57,11.54
381,sangmelima,64,CM,1531692813,82,2.93,11.98,73.56,2.82
382,whitehorse,90,CA,1531688400,87,60.72,-135.06,48.2,14.99
383,verkhniy mamon,56,RU,1531692814,69,50.17,40.4,70.05,2.59
384,maceio,20,BR,1531692000,78,-9.67,-35.74,75.2,5.82
385,dolores,100,AR,1531692815,82,-36.31,-57.68,51.87,4.94
386,songea,12,TZ,1531692815,88,-10.68,35.65,53.31,2.82
387,koutiala,56,ML,1531692815,63,12.39,-5.46,83.55,8.41
388,ilo,8,PE,1531692816,89,-17.65,-71.34,64.11,2.82
389,padang,20,ID,1531692816,100,-0.92,100.36,81.75,8.19
390,the valley,40,AI,1531688400,74,18.22,-63.06,84.2,14.99
391,villaviciosa,40,ES,1531692000,88,43.48,-5.43,66.2,14.99
392,nicoya,40,CR,1531688400,66,10.15,-85.45,87.8,19.46
393,tari,68,NG,1531692817,100,12.41,4.49,72.03,6.62
394,moosomin,0,CA,1531692818,48,50.14,-101.67,71.94,24.52
395,conde,88,BR,1531692818,92,-11.81,-37.61,73.65,7.4
396,husavik,0,CA,1531692818,56,50.56,-96.99,74.46,23.06
397,altay,12,CN,1531692819,82,47.83,88.13,47.1,3.71
398,namatanai,76,PG,1531692819,100,-3.66,152.44,80.4,8.52
399,mari,20,BR,1531688400,83,-7.06,-35.32,75.2,10.29
400,santander,90,PH,1531688400,94,9.42,123.33,77.0,15.23
401,areosa,20,PT,1531692000,88,41.72,-8.86,64.4,4.7
402,san miguel,0,AR,1531688400,76,-34.54,-58.72,55.4,6.93
403,mutoko,0,ZW,1531692821,70,-17.4,32.23,57.18,7.96
404,zeya,56,RU,1531692821,97,53.74,127.27,59.43,2.71
405,lerwick,56,GB,1531691400,87,60.15,-1.15,57.2,4.7
406,kholm-zhirkovskiy,76,RU,1531692822,80,55.52,33.47,67.35,6.17
407,hongjiang,12,CN,1531692822,92,27.21,109.83,72.66,2.37
408,veraval,0,FR,1531692000,63,49.65,0.71,64.4,5.82
409,nampula,75,MZ,1531688400,82,-15.12,39.26,68.0,8.05
410,sitka,44,US,1531692823,77,37.17,-99.65,84.18,9.98
411,jalingo,76,NG,1531692824,98,10.21,12.82,69.15,2.71
412,berea,1,US,1531691760,52,41.37,-81.85,87.8,9.17
413,la romana,40,DO,1531688400,79,18.43,-68.97,84.2,11.41
414,ponta delgada,20,PT,1531692000,88,37.73,-25.67,68.0,12.75
415,yilan,20,TW,1531690200,78,24.75,121.75,82.4,14.99
416,ambovombe,0,MG,1531692825,94,-25.18,46.09,63.48,6.17
417,mosquera,40,CO,1531688400,63,4.71,-74.23,62.6,11.41
418,hasaki,32,JP,1531690200,88,35.73,140.83,80.6,4.7
419,hanyang,68,CN,1531692826,98,32.14,105.51,68.16,2.15
420,ambanja,0,MG,1531692827,91,-13.68,48.45,58.89,3.6
421,ketchikan,90,US,1531691760,77,55.34,-131.65,60.8,11.41
422,carballo,75,ES,1531692000,93,43.21,-8.69,64.4,3.36
423,rovaniemi,20,FI,1531691400,93,66.5,25.72,62.6,2.24
424,socorro,92,PH,1531692828,100,13.06,121.41,71.49,2.71
425,visby,0,SE,1531691400,72,57.64,18.3,60.8,6.73
426,verkhovazhye,8,RU,1531692829,87,60.75,42.05,64.83,2.93
427,drumnadrochit,20,GB,1531691400,93,57.34,-4.48,66.2,1.12
428,ballina,75,IE,1531688400,93,54.11,-9.15,55.4,3.36
429,ahuimanu,90,US,1531688220,78,21.44,-157.84,87.8,9.17
430,lasa,20,CY,1531692000,94,34.92,32.53,80.6,5.82
431,laguna,75,MX,1531687740,32,27.52,-110.01,95.0,2.48
432,ray,1,US,1531691700,31,48.34,-103.17,78.8,14.99
433,osypenko,0,UA,1531690200,72,48.04,34.39,68.0,2.59
434,luebo,0,CD,1531692831,39,-5.35,21.42,78.51,3.6
435,igarka,56,RU,1531692832,59,67.47,86.57,61.41,4.72
436,mendi,80,ET,1531692832,97,9.8,35.1,61.77,3.6
437,solnechnyy,56,RU,1531692832,79,50.72,136.64,67.98,5.17
438,nazca,0,PE,1531692832,67,-14.83,-74.94,70.32,3.38
439,madison heights,75,US,1531690500,38,42.49,-83.11,95.0,4.61
440,port moresby,76,PG,1531692833,97,-9.47,147.16,77.88,5.95
441,emba,20,CY,1531692000,94,34.81,32.42,80.6,5.82
442,inzhavino,68,RU,1531692834,37,52.33,42.5,79.95,10.09
443,aswan,0,EG,1531688400,15,24.09,32.9,93.2,5.82
444,rodino,0,RU,1531692834,67,52.5,80.2,67.98,12.21
445,manaus,40,BR,1531688400,78,-3.13,-59.98,78.8,4.7
446,rio branco,40,BR,1531688400,43,-9.98,-67.82,89.6,9.17
447,leningradskiy,88,RU,1531692835,94,69.38,178.42,34.5,19.82
448,straumen,0,NO,1531691400,60,63.87,11.3,68.0,3.36
449,campos novos,0,BR,1531692836,60,-27.4,-51.22,69.06,8.19
450,lazaro cardenas,75,MX,1531687620,29,28.39,-105.62,91.4,6.93
451,narsingdi,75,BD,1531692000,83,23.92,90.7,82.4,11.41
452,devils lake,1,US,1531691700,44,48.11,-98.87,75.2,20.8
453,kosonsoy,0,UZ,1531690200,39,41.25,71.55,80.6,6.93
454,naze,64,NG,1531692837,98,5.43,7.07,72.48,3.94
455,pangnirtung,92,CA,1531692837,100,66.15,-65.72,46.56,0.58
456,cap malheureux,20,MU,1531688400,88,-19.98,57.61,64.4,3.36
457,kyrylivka,76,UA,1531692838,68,47.32,37.67,71.85,3.38
458,leeton,64,AU,1531692838,87,-34.55,146.4,36.93,9.75
459,ugoofaaru,88,MV,1531692839,100,5.67,73.0,80.58,16.24
460,dinguiraye,68,GN,1531692839,95,11.29,-10.71,72.12,3.15
461,aberdeen,1,US,1531691580,39,45.47,-98.49,78.8,4.7
462,meulaboh,80,ID,1531692840,100,4.14,96.13,79.86,5.61
463,bandarbeyla,0,SO,1531692840,82,9.49,50.81,78.96,30.11
464,kolochava,92,UA,1531692840,98,48.43,23.7,56.91,2.93
465,coos bay,1,US,1531691760,72,43.37,-124.22,66.2,16.11
466,empalme,75,MX,1531687920,63,27.96,-110.81,95.0,13.87
467,ankpa,68,NG,1531692841,93,7.37,7.63,73.56,7.18
468,pochutla,40,MX,1531687500,50,15.74,-96.47,95.0,11.41
469,uyemskiy,20,RU,1531690200,93,64.47,40.85,59.0,2.24
470,marienburg,0,DE,1531691400,63,52.12,9.98,68.0,3.36
471,ornskoldsvik,24,SE,1531691400,46,63.29,18.72,69.8,5.82
472,laukaa,0,FI,1531691400,77,62.42,25.95,60.8,4.83
473,college,75,US,1531692420,63,64.86,-147.8,64.4,16.11
474,hovd,0,NO,1531691400,60,63.83,10.7,68.0,3.36
475,alghero,0,IT,1531691400,94,40.56,8.32,75.2,3.36
476,orsha,56,BY,1531692844,94,54.51,30.43,64.29,4.16
477,chapeco,0,BR,1531688400,47,-27.1,-52.62,75.2,4.7
478,el grullo,64,MX,1531692845,83,19.8,-104.22,75.09,2.71
479,vanino,12,RU,1531692845,47,53.93,40.55,75.36,8.75
480,muisne,88,EC,1531692845,75,0.61,-80.02,78.6,9.19
481,ribeira brava,20,PT,1531692000,64,32.65,-17.07,69.8,6.93
482,vega de alatorre,0,MX,1531692846,54,20.03,-96.65,86.7,7.18
483,buraydah,0,SA,1531688400,22,26.33,43.97,91.4,9.17
484,joigny,12,FR,1531692000,63,47.98,3.4,66.2,4.7
485,rabat,40,MA,1531692000,82,34.02,-6.83,64.4,3.36
486,sauda,0,NO,1531692847,74,59.65,6.35,57.09,2.37
487,brae,64,GB,1531691400,87,60.4,-1.35,57.2,4.7
488,angoche,0,MZ,1531692848,100,-16.23,39.91,77.16,16.58
489,opotiki,64,NZ,1531692848,100,-38.01,177.29,57.0,14.9
490,codrington,0,AU,1531692848,81,-28.95,153.24,34.5,5.06
491,santa cruz,1,US,1531691700,57,36.97,-122.03,75.2,18.34
492,rome,0,IT,1531691700,73,41.89,12.48,77.0,4.7
493,baykit,0,RU,1531692851,70,61.68,96.39,48.0,6.4
494,kungurtug,92,RU,1531692851,100,50.6,97.53,51.24,2.59
495,rafai,80,CF,1531692852,98,4.95,23.92,69.24,5.06
496,ardmore,40,US,1531691880,66,34.99,-86.85,87.8,3.36
497,ostrovnoy,56,RU,1531692852,55,68.05,39.51,68.43,5.95
498,san patricio,56,PY,1531692853,49,-26.98,-56.83,81.66,6.96
499,japura,12,ID,1531692853,93,-0.42,102.29,73.02,2.04
500,krasnaya gora,88,RU,1531690200,100,53.01,31.6,60.8,2.24
501,havre-saint-pierre,20,CA,1531688400,82,50.23,-63.6,66.2,11.41
502,inhambane,88,MZ,1531692854,93,-23.87,35.38,67.53,21.27
503,kudahuvadhoo,88,MV,1531692854,100,2.67,72.89,78.69,10.09
504,luderitz,44,NA,1531692854,59,-26.65,15.16,66.99,17.47
505,pervomayskoye,0,RU,1531692855,55,57.07,86.23,59.61,8.52
506,miedzyrzecz,0,PL,1531692000,64,52.44,15.58,68.0,5.82
507,karratha,0,AU,1531692855,63,-20.74,116.85,47.37,4.83
508,saint-francois,0,FR,1531692000,72,46.42,3.91,62.6,3.36
509,san carlos,76,VE,1531692856,84,9.66,-68.59,79.68,1.36
510,marrakesh,0,MA,1531692000,53,31.63,-7.99,73.4,11.41
511,biltine,48,TD,1531692857,49,14.53,20.93,84.0,2.93
512,abu kamal,0,SY,1531692857,26,34.45,40.92,89.31,13.44
513,ojinaga,8,US,1531692857,27,29.56,-104.41,93.99,5.17
514,kahului,40,US,1531690740,74,20.89,-156.47,87.8,11.41
515,bystryy istok,0,RU,1531692858,88,52.37,84.39,64.2,4.61
516,nanchong,64,CN,1531692858,92,30.8,106.08,74.19,3.71
517,griffith,48,AU,1531692858,84,-34.29,146.06,37.83,11.1
518,omboue,80,GA,1531692859,100,-1.57,9.26,74.55,14.23
519,palmer,75,US,1531691760,55,61.6,-149.11,66.2,4.7
520,yicheng,0,CN,1531692859,75,31.71,112.27,82.2,11.65
521,williston,1,US,1531691700,29,48.15,-103.62,80.6,11.41
522,coahuayana,12,MX,1531692860,48,18.62,-100.35,84.99,3.15
523,bathsheba,20,BB,1531688400,74,13.22,-59.52,82.4,19.46
524,tura,88,IN,1531692861,94,25.52,90.21,76.53,4.16
525,nizwa,0,OM,1531692861,34,22.93,57.53,88.86,4.5
526,ambilobe,88,MG,1531692861,86,-13.19,49.05,69.24,3.49
527,manyana,0,AU,1531688400,52,-35.26,150.51,46.4,18.34
528,muyezerskiy,0,RU,1531692862,76,63.93,31.65,64.38,2.48
529,nosy varika,24,MG,1531692862,100,-20.58,48.53,63.93,4.38
530,sola,0,NO,1531691400,93,58.89,5.65,57.2,3.36
531,nova serrana,0,BR,1531692863,57,-19.88,-44.98,69.96,2.82
532,gazli,0,UZ,1531692863,19,40.13,63.45,85.35,12.44
533,grass valley,1,US,1531690500,33,39.22,-121.06,95.0,4.7
534,peque,92,CO,1531692864,91,7.02,-75.91,70.05,2.15
535,takhtamygda,0,RU,1531692864,92,54.1,123.57,57.99,2.37
536,vila velha,0,BR,1531692000,78,-3.71,-38.6,78.8,8.05
537,narasapur,92,IN,1531692865,98,16.45,81.67,81.75,25.08
538,orocue,48,CO,1531692865,95,4.79,-71.34,78.96,5.84
539,poum,0,MK,1531692865,89,41.28,20.71,58.26,1.36
540,tual,80,ID,1531692866,100,-5.67,132.75,76.98,10.65
541,malm,0,NO,1531691400,60,64.07,11.22,68.0,3.36
542,sirjan,8,IR,1531692866,20,29.44,55.67,61.86,2.93
543,nagorsk,56,RU,1531692866,91,59.32,50.8,67.98,3.71
544,nerchinskiy zavod,92,RU,1531692867,89,51.31,119.61,58.08,2.37
545,dabeiba,92,CO,1531692867,91,7.0,-76.27,70.05,2.15
546,betsiamites,20,CA,1531688400,77,48.94,-68.65,69.8,3.36
547,salinopolis,36,BR,1531692868,97,-0.61,-47.36,81.21,12.33
548,kavieng,80,PG,1531692868,100,-2.57,150.8,80.13,8.63
549,vvedenskoye,0,RU,1531690200,82,55.29,38.01,68.0,6.71
550,koflach,0,AT,1531691400,87,47.07,15.08,60.8,1.12
551,kutum,100,SD,1531692869,35,14.2,24.66,82.56,3.6
552,shelburne,1,CA,1531688400,29,44.08,-80.2,89.6,8.05
553,axim,92,GH,1531692869,98,4.87,-2.24,77.43,11.77
554,dergachi,100,RU,1531692870,33,51.24,48.77,83.91,7.63
555,vahan,92,AZ,1531692870,88,40.58,45.4,63.66,3.94
556,pichayevo,100,RU,1531692870,38,51.79,41.22,79.68,5.73
557,narasannapeta,92,IN,1531692870,96,18.42,84.04,75.81,7.96
558,ucluelet,5,CA,1531692000,44,48.94,-125.55,77.0,10.29
